Nightz - Every Thursday,14 augustus 2025,https://www.bitterzoet.com/,verhuur@bitterzoet.com,,,
Nightz - Every Thursday,14 augustus 2025,https://www.bitterzoet.com/,info@bitterzoet.com,,,
Nightz - Every Thursday,14 augustus 2025,https://www.bitterzoet.com/,lostandfound@bitterzoet.com,,,
Nightz - Every Thursday,14 augustus 2025,https://www.bitterzoet.com/,roy@bitterzoet.com,,,
Nightz - Every Thursday,14 augustus 2025,https://www.bitterzoet.com/,bookings@bitterzoet.com,,,
Super Summer (19+),14 augustus 2025,https://chicagosocialclub.nl/,banner-6@2x-scaled-1.jpg,,,
Super Summer (19+),14 augustus 2025,https://chicagosocialclub.nl/,lostandfound@chicagosocialclub.nl,,,
Super Summer (19+),14 augustus 2025,https://chicagosocialclub.nl/,info@chicagosocialclub.nl,,,
Mémoire - 18+,14 augustus 2025,https://www.chinchinclub.nl/,lost@chinchinclub.nl,,,
Mémoire - 18+,14 augustus 2025,https://www.chinchinclub.nl/,info@chinchinclub.nl,,,
Nyx Op Donderdag,14 augustus 2025,https://clubnyx.nl/,info@clubnyx.nl.,,,
Nyx Op Donderdag,14 augustus 2025,https://www.nyxopdonderdag.nl/,info@nyx.com,,,
Jueves Latino (Latin Night),14 augustus 2025,https://www.cluboutamsterdam.nl/,info@cluboutamsterdam.nl,,,
East Techno Collective,14 augustus 2025,https://nl.ra.co/events/2185287,promotersupport@ra.co,,,
East Techno Collective,14 augustus 2025,https://nl.ra.co/events/2185287,u003ecommunity@ra.co,,,
East Techno Collective,14 augustus 2025,https://nl.ra.co/events/2185287,community@ra.co,,,
East Techno Collective,14 augustus 2025,https://nl.ra.co/events/2185287,64dd3353834f473386f418826e7a57ca@sentry.io,,,
East Techno Collective,14 augustus 2025,https://nl.ra.co/events/2185287,promotersupport@residentadvisor.net,,,
East Techno Collective,14 augustus 2025,https://www.clubup.nl/,user@domain.com.,,,
East Techno Collective,14 augustus 2025,https://www.clubup.nl/,info@kring.nl,,,
"Radio Hinter: Loading... w/ Weave, WHO/HOW, PEBMAC, and SUBS&DUBS",14 augustus 2025,https://www.derhintergarten.nl/,info@derhintergarten.nl,,,
"Perreo31 w/ Bigote, Eurowitch, Veinte Uñas, Dj Panama b2b Korny",14 augustus 2025,https://www.garagenoord.com/club/perreo31,rentals@garagenoord.com,,,
"Perreo31 w/ Bigote, Eurowitch, Veinte Uñas, Dj Panama b2b Korny",14 augustus 2025,https://www.garagenoord.com/club/perreo31,lostandfound@garagenoord.com,,,
"Perreo31 w/ Bigote, Eurowitch, Veinte Uñas, Dj Panama b2b Korny",14 augustus 2025,https://www.garagenoord.com/club/perreo31,info@garagenoord.com,,,
Thirsty Thursdays,14 augustus 2025,https://ibizalounge.amsterdam/,info@ibizalounge.amsterdam,,,
ThirstdaysTM - By Jimmy Woo (19+),14 augustus 2025,https://www.jimmywoo.com/,lenis@1.0.36,,,
ThirstdaysTM - By Jimmy Woo (19+),14 augustus 2025,https://www.jimmywoo.com/,info@jimmywoo.com,,,
Techno Sessions,14 augustus 2025,https://www.clubjohndoe.nl/,lost@clubjohndoe.nl,,,
Techno Sessions,14 augustus 2025,https://www.clubjohndoe.nl/,support@clubjohndoe.nl,,,
Bambu,14 augustus 2025,https://www.oliva-amsterdam.nl/,werken@oliva-amsterdam.nl,,,
Bambu,14 augustus 2025,https://www.oliva-amsterdam.nl/,gevonden@oliva-amsterdam.nl,,,
Bambu,14 augustus 2025,https://www.oliva-amsterdam.nl/,evenement@oliva-amsterdam.nl,,,
Velvet Thursdays x Filo,14 augustus 2025,https://soulkitchenamsterdam.nl/,events@soulkitchenamsterdam.nl,,,
Velvet Thursdays x Filo,14 augustus 2025,https://soulkitchenamsterdam.nl/,info@soulkitchenamsterdam.nl,,,
Velvet Thursdays x Filo,14 augustus 2025,https://soulkitchenamsterdam.nl/,reservations@soulkitchenamsterdam.nl,,,
Spanish Heat - Amsterdam,14 augustus 2025,https://thechupitosclub.com/,tcc-logo-@2x.png,,,
Spanish Heat - Amsterdam,14 augustus 2025,https://www.spanishheat.com/,user@domain.com.,,,
Latin Thursday,14 augustus 2025,https://bird-rotterdam.nl/garden,info@bird-rotterdam.nl.,,,
Latin Thursday,14 augustus 2025,https://bird-rotterdam.nl/garden,info@bird-rotterdam.nl,,,
Latin Thursday,14 augustus 2025,https://bird-rotterdam.nl/garden,pers@birdfest-rotterdam.nl,,,
Latin Thursday,14 augustus 2025,https://bird-rotterdam.nl/garden,events@bird-rotterdam.nl,,,
Latin Thursday,14 augustus 2025,https://bird-rotterdam.nl/garden,events@bird-rotterdam.nl.,,,
All Night Soundsystems,15 augustus 2025,https://www.bitterzoet.com/,verhuur@bitterzoet.com,,,
All Night Soundsystems,15 augustus 2025,https://www.bitterzoet.com/,info@bitterzoet.com,,,
All Night Soundsystems,15 augustus 2025,https://www.bitterzoet.com/,bookings@bitterzoet.com,,,
All Night Soundsystems,15 augustus 2025,https://www.bitterzoet.com/,lostandfound@bitterzoet.com,,,
All Night Soundsystems,15 augustus 2025,https://www.bitterzoet.com/,roy@bitterzoet.com,,,
Cinthie & Ferro X BRET (18+),15 augustus 2025,https://www.bret.bar/,8c4075d5481d476e945486754f783364@sentry.io,,,
Cinthie & Ferro X BRET (18+),15 augustus 2025,https://www.bret.bar/,lodash@4.17.21,,,
Cinthie & Ferro X BRET (18+),15 augustus 2025,https://www.bret.bar/,react-dom@18.3.1,,,
Cinthie & Ferro X BRET (18+),15 augustus 2025,https://www.bret.bar/,9a65e97ebe8141fca0c4fd686f70996b@sentry.wixpress.com,,,
Cinthie & Ferro X BRET (18+),15 augustus 2025,https://www.bret.bar/,core-js-bundle@3.2.1,,,
Cinthie & Ferro X BRET (18+),15 augustus 2025,https://www.bret.bar/,98b21aa53d68482b8414e892d9af0e5f@sentry-next.wixpress.com,,,
Cinthie & Ferro X BRET (18+),15 augustus 2025,https://www.bret.bar/,8eb368c655b84e029ed79ad7a5c1718e@sentry.wixpress.com,,,
Cinthie & Ferro X BRET (18+),15 augustus 2025,https://www.bret.bar/,460ff4620fa44cba8df530afde949785@sentry.wixpress.com,,,
Cinthie & Ferro X BRET (18+),15 augustus 2025,https://www.bret.bar/,ed436f5053144538958ad06a5005e99a@sentry.wixpress.com,,,
Cinthie & Ferro X BRET (18+),15 augustus 2025,https://www.bret.bar/,1eeb89147c984dc6bc3ffafd9e6cd089@sentry.wixpress.com,,,
Cinthie & Ferro X BRET (18+),15 augustus 2025,https://www.bret.bar/,271e9fa3230b4eec94b02bf95780f5f2@sentry.wixpress.com,,,
Cinthie & Ferro X BRET (18+),15 augustus 2025,https://www.bret.bar/,react@18.3.1,,,
Cinthie & Ferro X BRET (18+),15 augustus 2025,https://www.bret.bar/,2062d0a4929b45348643784b5cb39c36@sentry.wixpress.com,,,
Cinthie & Ferro X BRET (18+),15 augustus 2025,https://www.bret.bar/,605a7baede844d278b89dc95ae0a9123@sentry-next.wixpress.com,,,
Cinthie & Ferro X BRET (18+),15 augustus 2025,https://www.bret.bar/,c183baa23371454f99f417f6616b724d@sentry.wixpress.com,,,
Cinthie & Ferro X BRET (18+),15 augustus 2025,https://www.bret.bar/,88170cb0c9d64f94b5821ca7fd2d55a4@sentry-next.wixpress.com,,,
Cinthie & Ferro X BRET (18+),15 augustus 2025,https://www.bret.bar/,focus-within-polyfill@5.0.9,,,
Cinthie & Ferro X BRET (18+),15 augustus 2025,https://www.bret.bar/,dd0a55ccb8124b9c9d938e3acf41f8aa@sentry.wixpress.com,,,
Hitjesgolf XL (20+),15 augustus 2025,https://chicagosocialclub.nl/,banner-6@2x-scaled-1.jpg,,,
Hitjesgolf XL (20+),15 augustus 2025,https://chicagosocialclub.nl/,lostandfound@chicagosocialclub.nl,,,
Hitjesgolf XL (20+),15 augustus 2025,https://chicagosocialclub.nl/,info@chicagosocialclub.nl,,,
Hitjesgolf XL (20+),15 augustus 2025,https://linktr.ee/hitjesgolf,js-cookie@3.0.5,,,
Fusion - 20+,15 augustus 2025,https://www.chinchinclub.nl/,info@chinchinclub.nl,,,
Fusion - 20+,15 augustus 2025,https://www.chinchinclub.nl/,lost@chinchinclub.nl,,,
Summer Breeze Latin Night at WestWeelde - Summer 2025 #10,14 augustus 2025,https://www.westweelde.nl/,info@westweelde.nl,,,
Summer Breeze Latin Night at WestWeelde - Summer 2025 #10,14 augustus 2025,https://www.westweelde.nl/,bobcoenradi@gmail.com,,,
Summer Breeze Latin Night at WestWeelde - Summer 2025 #10,14 augustus 2025,https://www.westweelde.nl/,wght@200..700,,,
Disco-train 70s 80s 90s Party - Amstelveen,15 augustus 2025,https://www.clubnouvelle.nl/,info@clubnouvelle.nl,,,
SUMMER VIBES: A Brand-New summer pop-up by Club Leidse,15 augustus 2025,https://www.club-leidse.com/,info@club-leidse.com,,,
De Dansvloer,14 augustus 2025,https://www.nar.nl/,info@nar.nl,,,
Love Afrobeats,15 augustus 2025,https://www.clubnoir-amsterdam.nl/,info@clubnoir-amsterdam.nl,,,
Vrijdag is NYX,15 augustus 2025,https://clubnyx.nl/,info@clubnyx.nl.,,,
Old Skool Reggaeton Party,15 augustus 2025,https://www.cluboutamsterdam.nl/,info@cluboutamsterdam.nl,,,
Skank Out,15 augustus 2025,https://www.clubup.nl/,user@domain.com.,,,
Skank Out,15 augustus 2025,https://www.clubup.nl/,info@kring.nl,,,
Hip Hop & R&B - All Night,15 augustus 2025,https://cafededuivel.amsterdam/,info@cafededuivel.nl,,,
Hip Hop & R&B - All Night,15 augustus 2025,https://cafededuivel.amsterdam/,info@cafededuivel.amsterdam,,,
"FERMI Presents Gero, Loud-E, Daiki, Field Notes DJs",15 augustus 2025,https://www.derhintergarten.nl/,info@derhintergarten.nl,,,
Doka Studio w/ Aurelius - Nedda Sou,15 augustus 2025,https://doka.weticket.io/doka-studio-w-aurelius-nedda-sou,hello@doka-amsterdam.nl,,,
Doka Studio w/ Aurelius - Nedda Sou,15 augustus 2025,https://doka.weticket.io/doka-studio-w-aurelius-nedda-sou,info@weticket.com,,,
Doka Studio w/ Aurelius - Nedda Sou,15 augustus 2025,https://www.volkshotel.nl/doka,business@volkshotel.nl.,,,
Doka Studio w/ Aurelius - Nedda Sou,15 augustus 2025,https://www.volkshotel.nl/doka,press@volkshotel.nl,,,
Doka Studio w/ Aurelius - Nedda Sou,15 augustus 2025,https://www.volkshotel.nl/doka,hello@volkshotel.nl,,,
Doka Studio w/ Aurelius - Nedda Sou,15 augustus 2025,https://www.volkshotel.nl/doka,massage@volkshotel.nl,,,
Doka Studio w/ Aurelius - Nedda Sou,15 augustus 2025,https://www.volkshotel.nl/doka,reserveringen@volkshotel.nl,,,
Doka Studio w/ Aurelius - Nedda Sou,15 augustus 2025,https://www.volkshotel.nl/doka,reservations@volkshotel.nl,,,
The Gang Is Beautiful,15 augustus 2025,https://www.garagenoord.com/club/the-gang-is-beautiful-w-juste-alex-prance-hujus-joya-astou,rentals@garagenoord.com,,,
The Gang Is Beautiful,15 augustus 2025,https://www.garagenoord.com/club/the-gang-is-beautiful-w-juste-alex-prance-hujus-joya-astou,info@garagenoord.com,,,
The Gang Is Beautiful,15 augustus 2025,https://www.garagenoord.com/club/the-gang-is-beautiful-w-juste-alex-prance-hujus-joya-astou,lostandfound@garagenoord.com,,,
Afro Latin Viernes,15 augustus 2025,https://ibizalounge.amsterdam/,info@ibizalounge.amsterdam,,,
Please Don't Tell.,15 augustus 2025,https://www.jimmywoo.com/,lenis@1.0.36,,,
Please Don't Tell.,15 augustus 2025,https://www.jimmywoo.com/,info@jimmywoo.com,,,
Madam By Night Invites: A Divine Kaos,15 augustus 2025,https://linktr.ee/LIWYN,leonieke@liwyn.com,,,
Madam By Night Invites: A Divine Kaos,15 augustus 2025,https://www.madamamsterdam.nl/,info@madamamsterdam.nl,,,
GEM,15 augustus 2025,https://www.oliva-amsterdam.nl/,gevonden@oliva-amsterdam.nl,,,
GEM,15 augustus 2025,https://www.oliva-amsterdam.nl/,werken@oliva-amsterdam.nl,,,
GEM,15 augustus 2025,https://www.oliva-amsterdam.nl/,evenement@oliva-amsterdam.nl,,,
Tunes by Krinna,15 augustus 2025,https://www.pacificamsterdam.nl/en/events/dj-nights,reserveren@pacificamsterdam.nl,,,
Tunes by Krinna,15 augustus 2025,https://www.pacificamsterdam.nl/en/events/dj-nights,info@pacificamsterdam.nl,,,
Asian Party – Back To School,15 augustus 2025,https://panama.nl/event/asian-party-back-to-school,info@panama.nl,,,
Descendants,15 augustus 2025,https://parallel.am/programme/descendants-8,hello@yournextagency.com,,,
De Sluwe Vos / PHIA,15 augustus 2025,https://radioradio.radio/club,lost@radioradio.radio,,,
De Sluwe Vos / PHIA,15 augustus 2025,https://radioradio.radio/club,vincent@radioradio.radio,,,
De Sluwe Vos / PHIA,15 augustus 2025,https://radioradio.radio/club,dwayne@radioradio.radio,,,
De Sluwe Vos / PHIA,15 augustus 2025,https://radioradio.radio/club,radio@radioradio.radio,,,
"Shelter | Alex Ranerro, Tripmastaz, secret guest & more",15 augustus 2025,https://www.shelteramsterdam.nl/event/15-08-club-night,info@shelteramsterdam.nl,,,
Sissi's Friday,15 augustus 2025,https://sissisamsterdam.weticket.io/sissis-friday-1508,info@weticket.com,,,
Sissi's Friday,15 augustus 2025,https://sissisamsterdam.weticket.io/sissis-friday-1508,info@sissisamsterdam.nl,,,
Sissi's Friday,15 augustus 2025,https://www.sissisamsterdam.nl/,info@sissisamsterdam.nl,,,
"Lola Edo, Mul/anna b2b Dazion, Sèsè",15 augustus 2025,https://skatecafe.weticket.io/lola-edo,info@weticket.com,,,
"Lola Edo, Mul/anna b2b Dazion, Sèsè",15 augustus 2025,https://www.skatecafe.nl/,info@skatecafe.nl,,,
"Lola Edo, Mul/anna b2b Dazion, Sèsè",15 augustus 2025,https://www.skatecafe.nl/,verloren@skatecafe.nl,,,
Soulkitchen Invites,15 augustus 2025,https://soulkitchenamsterdam.nl/,info@soulkitchenamsterdam.nl,,,
Soulkitchen Invites,15 augustus 2025,https://soulkitchenamsterdam.nl/,reservations@soulkitchenamsterdam.nl,,,
Soulkitchen Invites,15 augustus 2025,https://soulkitchenamsterdam.nl/,events@soulkitchenamsterdam.nl,,,
Rooftop Silent Disco Party,15 augustus 2025,https://livezoku.com/amsterdam/events/silent-disco-party-zoku-amsterdam,helloamsterdam@livezoku.com,,,
Rooftop Silent Disco Party,15 augustus 2025,https://livezoku.com/amsterdam/events/silent-disco-party-zoku-amsterdam,meetamsterdam@livezoku.com,,,
Rooftop Silent Disco Party,15 augustus 2025,https://livezoku.com/nl,meetamsterdam@livezoku.com,,,
Rooftop Silent Disco Party,15 augustus 2025,https://livezoku.com/nl,grow@livezoku.com,,,
Rooftop Silent Disco Party,15 augustus 2025,https://livezoku.com/nl,collabs@livezoku.com,,,
Rooftop Silent Disco Party,15 augustus 2025,https://livezoku.com/nl,pr@livezoku.com,,,
Rooftop Silent Disco Party,15 augustus 2025,https://livezoku.com/nl,talent@livezoku.com,,,
Rooftop Silent Disco Party,15 augustus 2025,https://livezoku.com/nl,meetcopenhagen@livezoku.com,,,
Rooftop Silent Disco Party,15 augustus 2025,https://livezoku.com/nl,hello@livezoku.com,,,
Rooftop Silent Disco Party,15 augustus 2025,https://livezoku.com/nl,meetvienna@livezoku.com,,,
Rooftop Silent Disco Party,15 augustus 2025,https://livezoku.com/nl,meetparis@livezoku.com,,,
A Campingflight to Lowlands Paradise 2025 - Friday,15 augustus 2025,https://www.lowlands.nl/,addd50c47a028a885b6143f733df47aa@o4506077370253312.ingest.sentry.io,,,
A Campingflight to Lowlands Paradise 2025 - Friday,15 augustus 2025,https://www.walibi.nl/nl/zakelijk/mogelijkheden/locaties/evenemententerrein-walibi-holland,info@walibiholland.nl,,,
Dj Wicky Wiseguy,15 augustus 2025,https://www.belcrumbeach.nl/,info@belcrumbeach.nl,,,
Pearl Village Festival 2025 - vrijdag,15 augustus 2025,https://pearlvillage.nl/,info@pearlvillage.nl,,,
"Gewoon, Dansen! met Naël b2b Djahera",15 augustus 2025,https://www.bosschebrouwers.nl/contact,bikers@bosschebrouwers.nl,,,
"Gewoon, Dansen! met Naël b2b Djahera",15 augustus 2025,https://www.bosschebrouwers.nl/contact,programmeur@bosschebrouwers.nl,,,
"Gewoon, Dansen! met Naël b2b Djahera",15 augustus 2025,https://www.bosschebrouwers.nl/contact,leonard@bosschebrouwers.nl,,,
"Gewoon, Dansen! met Naël b2b Djahera",15 augustus 2025,https://www.bosschebrouwers.nl/contact,mare@bosschebrouwers.nl,,,
"Gewoon, Dansen! met Naël b2b Djahera",15 augustus 2025,https://www.bosschebrouwers.nl/contact,arie@bosschebrouwers.nl,,,
Tsean Live,15 augustus 2025,https://www.clublustig.nl/,info@clublustig.nl,,,
Secret Spacebar party II,15 augustus 2025,https://linktr.ee/spacebar.enschede,js-cookie@3.0.5,,,
Studio Houtbaar: Curator Night - Nomore invites,15 augustus 2025,https://www.houtbaarhaarlem.nl/,events@houtbaarhaarlem.nl,,,
Studio Houtbaar: Curator Night - Nomore invites,15 augustus 2025,https://www.houtbaarhaarlem.nl/,gebruiker@domein.com,,,
Studio Houtbaar: Curator Night - Nomore invites,15 augustus 2025,https://www.houtbaarhaarlem.nl/,info@houtbaarhaarlem.nl,,,
Studio Houtbaar: Curator Night - Nomore invites,15 augustus 2025,https://www.houtbaarhaarlem.nl/,esra@houtbaarhaarlem.nl,,,
Studio Houtbaar: Curator Night - Nomore invites,15 augustus 2025,https://www.houtbaarhaarlem.nl/,christina@houtbaarhaarlem.nl,,,
Studio Houtbaar: Curator Night - Nomore invites,15 augustus 2025,https://www.houtbaarhaarlem.nl/,kerstival@houtbaarhaarlem.nl,,,
Studio Houtbaar: Curator Night - Nomore invites,15 augustus 2025,https://www.houtbaarhaarlem.nl/,vince@houtbaarhaarlem.nl,,,
Jangala x Reload That,15 augustus 2025,https://nieuwenor.stager.co/web/tickets/111529230,support@stager.co,,,
Jangala x Reload That,15 augustus 2025,https://nieuwenor.stager.co/web/tickets/111529230,support@stager.co.,,,
Jangala x Reload That,15 augustus 2025,https://nieuwenor.stager.co/web/tickets/111529230,u003esupport@stager.co,,,
Striktly Solúa - Outdoor Kijkduin,15 augustus 2025,https://striktly.nl/,20info@striktly.nl,,,
Striktly Solúa - Outdoor Kijkduin,15 augustus 2025,https://www.nabrasa.nl/,info@nabrasa.nl,,,
Arriba,15 augustus 2025,https://hortusleiden.nl/,hortus@hortus.leidenuniv.nl,,,
Arriba,15 augustus 2025,https://hortusleiden.nl/,info@cre8ion.com,,,
Arriba,15 augustus 2025,https://www.goeievrijdag.com/,info@goeievrijdag.com,,,
Complex Summer with West & Hill (All Night Long),15 augustus 2025,https://complexmaastricht.nl/,logo@2x.png,,,
Rotterdam Heatwave by Afrorave,15 augustus 2025,https://bird-rotterdam.nl/event/rotterdam-heatwave-15-08-2025,voorbeeld@voorbeeld.com,,,
Rotterdam Heatwave by Afrorave,15 augustus 2025,https://bird-rotterdam.nl/event/rotterdam-heatwave-15-08-2025,info@bird-rotterdam.nl,,,
Silent Disco Op de Euromast,15 augustus 2025,https://euromast.nl/agenda/silent-disco,info@euromast.nl,,,
Silent Disco Op de Euromast,15 augustus 2025,https://euromast.nl/agenda/silent-disco,reserveringen@euromast.nl,,,
"Gabalyn, Loyk, Maria Cue",15 augustus 2025,https://www.perron.nl/,info@perron.nl,,,
"Gabalyn, Loyk, Maria Cue",15 augustus 2025,https://www.perron.nl/,info@perron.nl.,,,
"Gabalyn, Loyk, Maria Cue",15 augustus 2025,https://www.perron.nl/,verloren@perron.nl,,,
"Gabalyn, Loyk, Maria Cue",15 augustus 2025,https://www.perron.nl/,verhuur@perron.nl.,,,
"Gabalyn, Loyk, Maria Cue",15 augustus 2025,https://www.perron.nl/,bookings@perron.nl.,,,
Basement Of Madness -- B.o.m.,15 augustus 2025,https://www.clubsahara.nl/,info@clubsahara.nl,,,
3 Years (Minus 1) Anniversary #1,15 augustus 2025,https://timeisthenew.space/,trust@timeisthenew.space.,,,
3 Years (Minus 1) Anniversary #1,15 augustus 2025,https://timeisthenew.space/,info@timeisthenew.space,,,
Elegante 2nd Birthday - Young Ellens and more,15 augustus 2025,https://www.tiwya.nl/,danny@tiwya.nl,,,
Elegante 2nd Birthday - Young Ellens and more,15 augustus 2025,https://www.tiwya.nl/,tiwya_logo_vert@2x.png,,,
Elegante 2nd Birthday - Young Ellens and more,15 augustus 2025,https://www.tiwya.nl/,info@tiwya.nl,,,
Elegante 2nd Birthday - Young Ellens and more,15 augustus 2025,https://www.tiwya.nl/,vladana@moonpr.nl,,,
Toffler presents Amara and Friends,15 augustus 2025,https://www.toffler.nl/,info@toffler.nl,,,
Dopebwoy (Live),15 augustus 2025,https://www.villathalia.nl/,user@domain.com.,,,
Dopebwoy (Live),15 augustus 2025,https://www.villathalia.nl/,info@villathalia.nl,,,
Dopebwoy (Live),15 augustus 2025,https://www.villathalia.nl/,marketing@thepartygroup.nl,,,
Dopebwoy (Live),15 augustus 2025,https://www.villathalia.nl/,info@thepartygroup.nl,,,
Lovumba at the beach,15 augustus 2025,https://azorra.nl/,hallo@azorra.nl,,,
Lovumba at the beach,15 augustus 2025,https://azorra.nl/,gebruiker@domein.com,,,
Lovumba at the beach,15 augustus 2025,https://www.lovumba.nl/,info@lovumba.nl,,,
Mama Africa - Beach Edition,15 augustus 2025,https://beachclubindigo.nl/,info@beachclubindigo.nl,,,
Mama Africa - Beach Edition,15 augustus 2025,https://www.mamaafrica.nl/,ma@littevents.nl,,,
Mama Africa - Beach Edition,15 augustus 2025,https://www.mamaafrica.nl/,bookings@littevents.nl,,,
Mama Africa - Beach Edition,15 augustus 2025,https://www.mamaafrica.nl/,info@littevents.nl,,,
Mama Africa - Beach Edition,15 augustus 2025,https://www.mamaafrica.nl/,slick-carousel@1.8.1,,,
MENESIX Presents: THE OVRDOSE TOUR,15 augustus 2025,https://www.coloradocharlie.nl/,lostandfound@coloradocharlie.nl,,,
MENESIX Presents: THE OVRDOSE TOUR,15 augustus 2025,https://www.coloradocharlie.nl/,reserveren@coloradocharlie.nl,,,
MENESIX Presents: THE OVRDOSE TOUR,15 augustus 2025,https://www.coloradocharlie.nl/,info@coloradocharlie.nl,,,
Perreo Reggaeton Y Dem Bow,15 augustus 2025,https://www.tikiroom.nl/,f36cc48fb72b4d298c835f2793cf3b84@sentry-next.wixpress.com,,,
Perreo Reggaeton Y Dem Bow,15 augustus 2025,https://www.tikiroom.nl/,react-dom@18.3.1,,,
Perreo Reggaeton Y Dem Bow,15 augustus 2025,https://www.tikiroom.nl/,core-js-bundle@3.2.1,,,
Perreo Reggaeton Y Dem Bow,15 augustus 2025,https://www.tikiroom.nl/,271e9fa3230b4eec94b02bf95780f5f2@sentry.wixpress.com,,,
Perreo Reggaeton Y Dem Bow,15 augustus 2025,https://www.tikiroom.nl/,8c4075d5481d476e945486754f783364@sentry.io,,,
Perreo Reggaeton Y Dem Bow,15 augustus 2025,https://www.tikiroom.nl/,lodash@4.17.21,,,
Perreo Reggaeton Y Dem Bow,15 augustus 2025,https://www.tikiroom.nl/,hurricane@tikiroom.nl,,,
Perreo Reggaeton Y Dem Bow,15 augustus 2025,https://www.tikiroom.nl/,79baaa8e09c746d2b7401643b99792e0@sentry.wixpress.com,,,
Perreo Reggaeton Y Dem Bow,15 augustus 2025,https://www.tikiroom.nl/,e0b4d631da7b4200828051f7f9c783e3@sentry-next.wixpress.com,,,
Perreo Reggaeton Y Dem Bow,15 augustus 2025,https://www.tikiroom.nl/,baf30a2b91654c5a840931f0137bed30@sentry.wixpress.com,,,
Perreo Reggaeton Y Dem Bow,15 augustus 2025,https://www.tikiroom.nl/,ed436f5053144538958ad06a5005e99a@sentry.wixpress.com,,,
Perreo Reggaeton Y Dem Bow,15 augustus 2025,https://www.tikiroom.nl/,react@18.3.1,,,
Perreo Reggaeton Y Dem Bow,15 augustus 2025,https://www.tikiroom.nl/,8eb368c655b84e029ed79ad7a5c1718e@sentry.wixpress.com,,,
Perreo Reggaeton Y Dem Bow,15 augustus 2025,https://www.tikiroom.nl/,c183baa23371454f99f417f6616b724d@sentry.wixpress.com,,,
Perreo Reggaeton Y Dem Bow,15 augustus 2025,https://www.tikiroom.nl/,2062d0a4929b45348643784b5cb39c36@sentry.wixpress.com,,,
Perreo Reggaeton Y Dem Bow,15 augustus 2025,https://www.tikiroom.nl/,focus-within-polyfill@5.0.9,,,
Perreo Reggaeton Y Dem Bow,15 augustus 2025,https://www.tikiroom.nl/,460ff4620fa44cba8df530afde949785@sentry.wixpress.com,,,
Perreo Reggaeton Y Dem Bow,15 augustus 2025,https://www.tikiroom.nl/,9a65e97ebe8141fca0c4fd686f70996b@sentry.wixpress.com,,,
Perreo Reggaeton Y Dem Bow,15 augustus 2025,https://www.tikiroom.nl/,0e6a29e4756740a8a63493e912ba2174@sentry.wixpress.com,,,
Perreo Reggaeton Y Dem Bow,15 augustus 2025,https://www.tikiroom.nl/,605a7baede844d278b89dc95ae0a9123@sentry-next.wixpress.com,,,
Perreo Reggaeton Y Dem Bow,15 augustus 2025,https://www.tikiroom.nl/,88170cb0c9d64f94b5821ca7fd2d55a4@sentry-next.wixpress.com,,,
Perreo Reggaeton Y Dem Bow,15 augustus 2025,https://www.tikiroom.nl/,dd0a55ccb8124b9c9d938e3acf41f8aa@sentry.wixpress.com,,,
BASIS Talent Night/ Cinta/ MIESØ/ WON/ Xamuel,15 augustus 2025,https://clubbasis.nl/,info@clubbasis.nl,,,
BASIS Talent Night/ Cinta/ MIESØ/ WON/ Xamuel,15 augustus 2025,https://clubbasis.nl/,lost@clubbasis.nl,,,
Clubhuis,15 augustus 2025,https://www.nar.nl/,info@nar.nl,,,
"Green House, Beach Edition",15 augustus 2025,https://www.paal69.com/event-details/green-house-beach-edition,8c4075d5481d476e945486754f783364@sentry.io,,,
"Green House, Beach Edition",15 augustus 2025,https://www.paal69.com/event-details/green-house-beach-edition,f36cc48fb72b4d298c835f2793cf3b84@sentry-next.wixpress.com,,,
"Green House, Beach Edition",15 augustus 2025,https://www.paal69.com/event-details/green-house-beach-edition,lodash@4.17.21,,,
"Green House, Beach Edition",15 augustus 2025,https://www.paal69.com/event-details/green-house-beach-edition,react-dom@18.3.1,,,
"Green House, Beach Edition",15 augustus 2025,https://www.paal69.com/event-details/green-house-beach-edition,9a65e97ebe8141fca0c4fd686f70996b@sentry.wixpress.com,,,
"Green House, Beach Edition",15 augustus 2025,https://www.paal69.com/event-details/green-house-beach-edition,core-js-bundle@3.2.1,,,
"Green House, Beach Edition",15 augustus 2025,https://www.paal69.com/event-details/green-house-beach-edition,8eb368c655b84e029ed79ad7a5c1718e@sentry.wixpress.com,,,
"Green House, Beach Edition",15 augustus 2025,https://www.paal69.com/event-details/green-house-beach-edition,ed436f5053144538958ad06a5005e99a@sentry.wixpress.com,,,
"Green House, Beach Edition",15 augustus 2025,https://www.paal69.com/event-details/green-house-beach-edition,460ff4620fa44cba8df530afde949785@sentry.wixpress.com,,,
"Green House, Beach Edition",15 augustus 2025,https://www.paal69.com/event-details/green-house-beach-edition,271e9fa3230b4eec94b02bf95780f5f2@sentry.wixpress.com,,,
"Green House, Beach Edition",15 augustus 2025,https://www.paal69.com/event-details/green-house-beach-edition,react@18.3.1,,,
"Green House, Beach Edition",15 augustus 2025,https://www.paal69.com/event-details/green-house-beach-edition,2062d0a4929b45348643784b5cb39c36@sentry.wixpress.com,,,
"Green House, Beach Edition",15 augustus 2025,https://www.paal69.com/event-details/green-house-beach-edition,605a7baede844d278b89dc95ae0a9123@sentry-next.wixpress.com,,,
"Green House, Beach Edition",15 augustus 2025,https://www.paal69.com/event-details/green-house-beach-edition,c183baa23371454f99f417f6616b724d@sentry.wixpress.com,,,
"Green House, Beach Edition",15 augustus 2025,https://www.paal69.com/event-details/green-house-beach-edition,88170cb0c9d64f94b5821ca7fd2d55a4@sentry-next.wixpress.com,,,
"Green House, Beach Edition",15 augustus 2025,https://www.paal69.com/event-details/green-house-beach-edition,focus-within-polyfill@5.0.9,,,
"Green House, Beach Edition",15 augustus 2025,https://www.paal69.com/event-details/green-house-beach-edition,dd0a55ccb8124b9c9d938e3acf41f8aa@sentry.wixpress.com,,,
30+ Dance Party met Dj Rob Boskamp,16 augustus 2025,https://www.clubnouvelle.nl/,info@clubnouvelle.nl,,,
FUEGO - Good Vibes & Vergeten Tunes,16 augustus 2025,https://www.bitterzoet.com/,verhuur@bitterzoet.com,,,
FUEGO - Good Vibes & Vergeten Tunes,16 augustus 2025,https://www.bitterzoet.com/,info@bitterzoet.com,,,
FUEGO - Good Vibes & Vergeten Tunes,16 augustus 2025,https://www.bitterzoet.com/,bookings@bitterzoet.com,,,
FUEGO - Good Vibes & Vergeten Tunes,16 augustus 2025,https://www.bitterzoet.com/,lostandfound@bitterzoet.com,,,
FUEGO - Good Vibes & Vergeten Tunes,16 augustus 2025,https://www.bitterzoet.com/,roy@bitterzoet.com,,,
Zafiro,16 augustus 2025,https://cancunamsterdam.nl/agenda,info@cancunamsterdam.nl,,,
Notorious,16 augustus 2025,https://chicagosocialclub.nl/,banner-6@2x-scaled-1.jpg,,,
Notorious,16 augustus 2025,https://chicagosocialclub.nl/,lostandfound@chicagosocialclub.nl,,,
Notorious,16 augustus 2025,https://chicagosocialclub.nl/,info@chicagosocialclub.nl,,,
Dynasty x MOOD - 21+,16 augustus 2025,https://www.chinchinclub.nl/,info@chinchinclub.nl,,,
Dynasty x MOOD - 21+,16 augustus 2025,https://www.chinchinclub.nl/,lost@chinchinclub.nl,,,
SUMMER VIBES: A Brand-New summer pop-up by Club Leidse,16 augustus 2025,https://www.club-leidse.com/,info@club-leidse.com,,,
Afrobeat vs Amapiano,16 augustus 2025,https://www.clubnoir-amsterdam.nl/,info@clubnoir-amsterdam.nl,,,
3xNYX: POP-UP hosted by Loena Maas,16 augustus 2025,https://clubnyx.nl/,info@clubnyx.nl.,,,
Rumba Latina (Latin Night),16 augustus 2025,https://www.cluboutamsterdam.nl/,info@cluboutamsterdam.nl,,,
Nonchaland - B-Day Bash,16 augustus 2025,https://www.clubup.nl/,user@domain.com.,,,
Nonchaland - B-Day Bash,16 augustus 2025,https://www.clubup.nl/,info@kring.nl,,,
Liquid Air,16 augustus 2025,https://www.derhintergarten.nl/,info@derhintergarten.nl,,,
Essence Of Trance - Digital Culture Cruise,16 augustus 2025,https://essenceoftrance.com/,contact@totalvisiontalent.com,,,
Essence Of Trance - Digital Culture Cruise,16 augustus 2025,https://www.docks.nl/site/docks1,info@docks.nl,,,
Doka Studio w/ Kyra Khaldi - Mauro Moreno,16 augustus 2025,https://doka.weticket.io/doka-studio-w-kyra-khaldi-mauro-moreno,hello@doka-amsterdam.nl,,,
Doka Studio w/ Kyra Khaldi - Mauro Moreno,16 augustus 2025,https://doka.weticket.io/doka-studio-w-kyra-khaldi-mauro-moreno,info@weticket.com,,,
Doka Studio w/ Kyra Khaldi - Mauro Moreno,16 augustus 2025,https://www.volkshotel.nl/doka,business@volkshotel.nl.,,,
Doka Studio w/ Kyra Khaldi - Mauro Moreno,16 augustus 2025,https://www.volkshotel.nl/doka,press@volkshotel.nl,,,
Doka Studio w/ Kyra Khaldi - Mauro Moreno,16 augustus 2025,https://www.volkshotel.nl/doka,hello@volkshotel.nl,,,
Doka Studio w/ Kyra Khaldi - Mauro Moreno,16 augustus 2025,https://www.volkshotel.nl/doka,massage@volkshotel.nl,,,
Doka Studio w/ Kyra Khaldi - Mauro Moreno,16 augustus 2025,https://www.volkshotel.nl/doka,reserveringen@volkshotel.nl,,,
Doka Studio w/ Kyra Khaldi - Mauro Moreno,16 augustus 2025,https://www.volkshotel.nl/doka,reservations@volkshotel.nl,,,
Reggae Lake Festival 2025 - Saturday,16 augustus 2025,https://reggaelake.nl/,info@reggaelake.nl,,,
"Patrick Russell, Loif (Live), Lnr, Tangela (Sunrise Set)",16 augustus 2025,https://www.garagenoord.com/club/patrick-russell-loif-live-lnr-tangela-sunrise-set,rentals@garagenoord.com,,,
"Patrick Russell, Loif (Live), Lnr, Tangela (Sunrise Set)",16 augustus 2025,https://www.garagenoord.com/club/patrick-russell-loif-live-lnr-tangela-sunrise-set,info@garagenoord.com,,,
"Patrick Russell, Loif (Live), Lnr, Tangela (Sunrise Set)",16 augustus 2025,https://www.garagenoord.com/club/patrick-russell-loif-live-lnr-tangela-sunrise-set,lostandfound@garagenoord.com,,,
Pacha Latina,16 augustus 2025,https://ibizalounge.amsterdam/,info@ibizalounge.amsterdam,,,
The Latin Experience: Colombia,16 augustus 2025,https://ijland.nl/,info@ijland.nl,,,
Behind Closed Doors,16 augustus 2025,https://linktr.ee/behindcloseddoors.club,js-cookie@3.0.5,,,
Behind Closed Doors,16 augustus 2025,https://www.jimmywoo.com/,lenis@1.0.36,,,
Behind Closed Doors,16 augustus 2025,https://www.jimmywoo.com/,info@jimmywoo.com,,,
Clubnight: Len & Cat,16 augustus 2025,https://kopstootbar.amsterdam/,programma@kopstootbar.amsterdam,,,
Clubnight: Len & Cat,16 augustus 2025,https://kopstootbar.amsterdam/,info@kopstootbar.amsterdam,,,
Madam By Night Invites: Lynn,16 augustus 2025,https://www.madamamsterdam.nl/,info@madamamsterdam.nl,,,
Gowtu vs Bati Sanka Edition,16 augustus 2025,https://www.melkweg.nl/,expo@melkweg.nl,,,
Gowtu vs Bati Sanka Edition,16 augustus 2025,https://www.melkweg.nl/,info@despecialsocialclub.nl.,,,
WICKED JAZZ 'ienie mienie' FEST + Afterparty,16 augustus 2025,https://noorderlichtcafe.nl/,artiesten@noorderlichtcafe.nl,,,
WICKED JAZZ 'ienie mienie' FEST + Afterparty,16 augustus 2025,https://noorderlichtcafe.nl/,communicatie@noorderlichtcafe.nl,,,
WICKED JAZZ 'ienie mienie' FEST + Afterparty,16 augustus 2025,https://noorderlichtcafe.nl/,info@noorderlichtcafe.nl,,,
DOS 2 Year Anniversary,16 augustus 2025,https://www.oliva-amsterdam.nl/,evenement@oliva-amsterdam.nl,,,
DOS 2 Year Anniversary,16 augustus 2025,https://www.oliva-amsterdam.nl/,gevonden@oliva-amsterdam.nl,,,
DOS 2 Year Anniversary,16 augustus 2025,https://www.oliva-amsterdam.nl/,werken@oliva-amsterdam.nl,,,
Dani,16 augustus 2025,https://www.pacificamsterdam.nl/en/events/dj-nights,reserveren@pacificamsterdam.nl,,,
Dani,16 augustus 2025,https://www.pacificamsterdam.nl/en/events/dj-nights,info@pacificamsterdam.nl,,,
Raving Charlie,16 augustus 2025,https://panama.nl/event/raving-charlie-4,info@panama.nl,,,
Tech It Deep Invites Stryv,16 augustus 2025,https://techitdeep.com/,info@techtitdeep.com,,,
Tech It Deep Invites Stryv,16 augustus 2025,https://www.paradiso.nl/,info@paradiso.nl,,,
Tech It Deep Invites Stryv,16 augustus 2025,https://www.paradiso.nl/,publiciteit@paradiso.nl,,,
Cinnaman b2b Nala Brown,16 augustus 2025,https://radioradio.radio/club,vincent@radioradio.radio,,,
Cinnaman b2b Nala Brown,16 augustus 2025,https://radioradio.radio/club,lost@radioradio.radio,,,
Cinnaman b2b Nala Brown,16 augustus 2025,https://radioradio.radio/club,radio@radioradio.radio,,,
Cinnaman b2b Nala Brown,16 augustus 2025,https://radioradio.radio/club,dwayne@radioradio.radio,,,
"Shelter | Fantastic Man b2b Tornado Wallace, Wallace, Sam Girling & more",16 augustus 2025,https://www.shelteramsterdam.nl/event/16-08-club-night,info@shelteramsterdam.nl,,,
Sissi's Saturday Hosted By Maat Sound,16 augustus 2025,https://sissisamsterdam.weticket.io/sissis-saturday-hosted-by-maat-sound,info@weticket.com,,,
Sissi's Saturday Hosted By Maat Sound,16 augustus 2025,https://sissisamsterdam.weticket.io/sissis-saturday-hosted-by-maat-sound,info@sissisamsterdam.nl,,,
Sissi's Saturday Hosted By Maat Sound,16 augustus 2025,https://www.sissisamsterdam.nl/,info@sissisamsterdam.nl,,,
Nolands,16 augustus 2025,https://skatecafe.weticket.io/nolands,info@weticket.com,,,
Nolands,16 augustus 2025,https://www.skatecafe.nl/,info@skatecafe.nl,,,
Nolands,16 augustus 2025,https://www.skatecafe.nl/,verloren@skatecafe.nl,,,
Soulkitchen Invites: Phoenix,16 augustus 2025,https://soulkitchenamsterdam.nl/,info@soulkitchenamsterdam.nl,,,
Soulkitchen Invites: Phoenix,16 augustus 2025,https://soulkitchenamsterdam.nl/,reservations@soulkitchenamsterdam.nl,,,
Soulkitchen Invites: Phoenix,16 augustus 2025,https://soulkitchenamsterdam.nl/,events@soulkitchenamsterdam.nl,,,
Bills Bills Bills,16 augustus 2025,https://www.bbbills.com/,udesly-form-pro@1.0.0,,,
PIV Homecoming,16 augustus 2025,https://pivrecords.com/,email@example.com,,,
Reggae Got Soul (Outdoor+indoor),16 augustus 2025,https://cafebosch.nl/,info@cafebosch.nl,,,
A Campingflight to Lowlands Paradise 2025 - Saturday,16 augustus 2025,https://www.lowlands.nl/,addd50c47a028a885b6143f733df47aa@o4506077370253312.ingest.sentry.io,,,
A Campingflight to Lowlands Paradise 2025 - Saturday,16 augustus 2025,https://www.walibi.nl/nl/zakelijk/mogelijkheden/locaties/evenemententerrein-walibi-holland,info@walibiholland.nl,,,
Dj Discotrooper,16 augustus 2025,https://www.belcrumbeach.nl/,info@belcrumbeach.nl,,,
Pieken! On Deck Spinola,16 augustus 2025,https://spinolabreda.nl/,cropped-spinola_logo_symbol_gold@4x-192x192.png,,,
Pieken! On Deck Spinola,16 augustus 2025,https://spinolabreda.nl/,cropped-spinola_logo_symbol_gold@4x-270x270.png,,,
Pieken! On Deck Spinola,16 augustus 2025,https://spinolabreda.nl/,kopie-van-spinola_logo_symbol_blue@4x.png,,,
Pieken! On Deck Spinola,16 augustus 2025,https://spinolabreda.nl/,cropped-spinola_logo_symbol_gold@4x-180x180.png,,,
Pieken! On Deck Spinola,16 augustus 2025,https://spinolabreda.nl/,cropped-spinola_logo_symbol_gold@4x-32x32.png,,,
Pieken! On Deck Spinola,16 augustus 2025,https://spinolabreda.nl/,sales@spinolabreda.nl,,,
Sfeer in & Outdoor Festival,16 augustus 2025,https://dspartyeneventcenter.nl/,info@dspartyeneventcenter.nl,,,
Sfeer in & Outdoor Festival,16 augustus 2025,https://dspartyeneventcenter.nl/,intersection-observer-polyfill@0.1.0,,,
Dansen! met Losse Boy Olaf,16 augustus 2025,https://www.bosschebrouwers.nl/contact,programmeur@bosschebrouwers.nl,,,
Dansen! met Losse Boy Olaf,16 augustus 2025,https://www.bosschebrouwers.nl/contact,bikers@bosschebrouwers.nl,,,
Dansen! met Losse Boy Olaf,16 augustus 2025,https://www.bosschebrouwers.nl/contact,arie@bosschebrouwers.nl,,,
Dansen! met Losse Boy Olaf,16 augustus 2025,https://www.bosschebrouwers.nl/contact,leonard@bosschebrouwers.nl,,,
Dansen! met Losse Boy Olaf,16 augustus 2025,https://www.bosschebrouwers.nl/contact,mare@bosschebrouwers.nl,,,
SEN TROPE,16 augustus 2025,https://www.clublustig.nl/,info@clublustig.nl,,,
Senior Swing Silent Disco,16 augustus 2025,https://bibelot.net/,vera@bibelot.net,,,
Senior Swing Silent Disco,16 augustus 2025,https://bibelot.net/,publiciteit@bibelot.net,,,
Senior Swing Silent Disco,16 augustus 2025,https://bibelot.net/,info@bibelot.net,,,
Brandstof: Silent Disco,16 augustus 2025,https://bibelot.net/,vera@bibelot.net,,,
Brandstof: Silent Disco,16 augustus 2025,https://bibelot.net/,publiciteit@bibelot.net,,,
Brandstof: Silent Disco,16 augustus 2025,https://bibelot.net/,info@bibelot.net,,,
Rewind Outdoor,16 augustus 2025,https://www.dok149.com/,info@dok149.com,,,
Rewind Outdoor,16 augustus 2025,https://www.dok149.com/,core-js-bundle@3.2.1,,,
Rewind Outdoor,16 augustus 2025,https://www.dok149.com/,lodash@4.17.21,,,
Rewind Outdoor,16 augustus 2025,https://www.dok149.com/,focus-within-polyfill@5.0.9,,,
Rewind Outdoor,16 augustus 2025,https://www.dok149.com/,8c4075d5481d476e945486754f783364@sentry.io,,,
Rewind Outdoor,16 augustus 2025,https://www.dok149.com/,react@18.3.1,,,
Rewind Outdoor,16 augustus 2025,https://www.dok149.com/,react-dom@18.3.1,,,
Rewind Outdoor,16 augustus 2025,https://www.dok149.com/,8eb368c655b84e029ed79ad7a5c1718e@sentry.wixpress.com,,,
Rewind Outdoor,16 augustus 2025,https://www.dok149.com/,605a7baede844d278b89dc95ae0a9123@sentry-next.wixpress.com,,,
Rewind Outdoor,16 augustus 2025,https://www.dok149.com/,e0b4d631da7b4200828051f7f9c783e3@sentry-next.wixpress.com,,,
Rewind Outdoor,16 augustus 2025,https://www.rewind.amsterdam/,info@rewindamsterdam.nl,,,
Tropicalia,16 augustus 2025,https://www.fortsintgertrudis.nl/,20201201163630_748_trouwen@2x.webp,,,
Tropicalia,16 augustus 2025,https://www.fortsintgertrudis.nl/,20200912122629_721_banner4@2x.webp,,,
Tropicalia,16 augustus 2025,https://www.fortsintgertrudis.nl/,20201204180231_68_zwartfortsintgertrudislogomethier@2x.webp,,,
Tropicalia,16 augustus 2025,https://www.fortsintgertrudis.nl/,20201201163630_748_trouwen@2x.jpg,,,
Tropicalia,16 augustus 2025,https://www.fortsintgertrudis.nl/,20200912122629_721_banner4@2x.jpg,,,
Tropicalia,16 augustus 2025,https://www.fortsintgertrudis.nl/,info@fortsintgertrudis.nl,,,
Tropicalia,16 augustus 2025,https://www.fortsintgertrudis.nl/,20201204180231_68_zwartfortsintgertrudislogomethier@2x.png,,,
Goesthing,16 augustus 2025,https://www.eltoro.nl/,info@eltoro.nl,,,
R2 Festival Reinier Zonneveld,16 augustus 2025,https://www.spaarnwoude.nl/,info@spaarnwoudepark.nl,,,
Helden Op Reis,16 augustus 2025,https://switchhelden.nl/,info@switchhelden.nl,,,
30+flashback (The Summer Edition),16 augustus 2025,https://www.cafe-eddies.nl/,eddieuytewaal1967@gmail.com,,,
FOMO,16 augustus 2025,https://kikiclub.nl/,lostandfound@kikiclub.nl.,,,
FOMO,16 augustus 2025,https://kikiclub.nl/,info@kikiclub.nl,,,
Complex Summer with Lorrie / Manillo / The Drift System,16 augustus 2025,https://complexmaastricht.nl/,logo@2x.png,,,
Groovebox Festival 2025,16 augustus 2025,https://www.groovebox.events/,info@groovebox.events,,,
We Love The 90's Festival 2025,16 augustus 2025,https://welovethe90s.nl/,info@welovethe90s.nl,,,
Summer Beach Party,16 augustus 2025,https://nederzandt.nl/,info@nederzandt.nl,,,
El Sommer Long - Beach Cafe,16 augustus 2025,https://www.elsom-reusel.nl/,info@elsom-reusel.nl,,,
El Sommer Long - Beach Cafe,16 augustus 2025,https://www.elsom-reusel.nl/,jan@elsom-reusel.nl,,,
Tropicana Festival 2025,16 augustus 2025,https://barstroom.nl/,info@barstroom.nl,,,
Join the Club: Prince vs Michael,16 augustus 2025,https://bird-rotterdam.nl/event/views-usher-vs-chris-brown,voorbeeld@voorbeeld.com,,,
Join the Club: Prince vs Michael,16 augustus 2025,https://bird-rotterdam.nl/event/views-usher-vs-chris-brown,info@bird-rotterdam.nl,,,
Bachata Exotica 010,16 augustus 2025,https://cafeclubuniek.nl/,info@clubuniek.nl,,,
Bachata Exotica 010,16 augustus 2025,https://www.exotic-events.nl/,info@exotic-events.nl,,,
Dansen met Je Moeder,16 augustus 2025,https://www.dedoelen.nl/nl/agenda/23010/hiphop-r-b-afrobeat-funk-en-guilty-pleasures/dansen-met-je-moeder,tickets@dedoelen.nl,,,
Dansen met Je Moeder,16 augustus 2025,https://www.dedoelen.nl/nl/pQWz7SL/studio1/de-doelen-studio,contact@dedoelen.nl,,,
.Achterwerk,16 augustus 2025,https://bird-rotterdam.nl/garden,info@bird-rotterdam.nl.,,,
.Achterwerk,16 augustus 2025,https://bird-rotterdam.nl/garden,pers@birdfest-rotterdam.nl,,,
.Achterwerk,16 augustus 2025,https://bird-rotterdam.nl/garden,info@bird-rotterdam.nl,,,
.Achterwerk,16 augustus 2025,https://bird-rotterdam.nl/garden,events@bird-rotterdam.nl.,,,
.Achterwerk,16 augustus 2025,https://bird-rotterdam.nl/garden,events@bird-rotterdam.nl,,,
Super Rich Kids - Summer Rich Kids,16 augustus 2025,https://www.munchrotterdam.nl/events/super-rich-kids-168,info@munchrotterdam.nl,,,
Super Rich Kids - Summer Rich Kids,16 augustus 2025,https://www.munchrotterdam.nl/srk,info@munchrotterdam.nl,,,
The Code [360 Stage],16 augustus 2025,https://dance.maassilo.com/,info@maassilo.com,,,
The Code [360 Stage],16 augustus 2025,https://www.thecodeistechno.com/,info@thecodeistechno.com,,,
"80s, 90s & 00s Alternative",16 augustus 2025,https://www.rotown.nl/,logo@2x.png,,,
"80s, 90s & 00s Alternative",16 augustus 2025,https://www.rotown.nl/,rotownrotterdam@r.m.f.c.fanclub,,,
O Gece Bu Gece Rotterdam,16 augustus 2025,https://thegrit.nl/,info@thegrit.nl,,,
O Gece Bu Gece Rotterdam,16 augustus 2025,https://thegrit.nl/,flasher@1.1.1,,,
3 Years (Minus 1) Anniversary #2,16 augustus 2025,https://timeisthenew.space/,trust@timeisthenew.space.,,,
3 Years (Minus 1) Anniversary #2,16 augustus 2025,https://timeisthenew.space/,info@timeisthenew.space,,,
Smerige Hitjes,16 augustus 2025,https://www.tiwya.nl/,info@tiwya.nl,,,
Smerige Hitjes,16 augustus 2025,https://www.tiwya.nl/,vladana@moonpr.nl,,,
Smerige Hitjes,16 augustus 2025,https://www.tiwya.nl/,danny@tiwya.nl,,,
Smerige Hitjes,16 augustus 2025,https://www.tiwya.nl/,tiwya_logo_vert@2x.png,,,
Toffler presents Goodlife and Friends,16 augustus 2025,https://www.toffler.nl/,info@toffler.nl,,,
Bokoesam (LIVE) @ Villa Thalia,16 augustus 2025,https://www.villathalia.nl/,info@villathalia.nl,,,
Bokoesam (LIVE) @ Villa Thalia,16 augustus 2025,https://www.villathalia.nl/,info@thepartygroup.nl,,,
Bokoesam (LIVE) @ Villa Thalia,16 augustus 2025,https://www.villathalia.nl/,marketing@thepartygroup.nl,,,
Bokoesam (LIVE) @ Villa Thalia,16 augustus 2025,https://www.villathalia.nl/,user@domain.com.,,,
Oh! So 90s Is Back Baby,16 augustus 2025,https://beachclubindigo.nl/,info@beachclubindigo.nl,,,
De Sessie,16 augustus 2025,https://boomerangbeach.nl/,info@boomerangbeach.nl,,,
Happy Feelings Scheveningen,16 augustus 2025,https://happyfeelings.nl/,dotlottie-wc@0.6.2,,,
Happy Feelings Scheveningen,16 augustus 2025,https://www.coloradocharlie.nl/,lostandfound@coloradocharlie.nl,,,
Happy Feelings Scheveningen,16 augustus 2025,https://www.coloradocharlie.nl/,info@coloradocharlie.nl,,,
Happy Feelings Scheveningen,16 augustus 2025,https://www.coloradocharlie.nl/,reserveren@coloradocharlie.nl,,,
Soixante Neuf x EVE,16 augustus 2025,https://eve-scheveningen.nl/,contact@eve-scheveningen.nl,,,
Bachata Dreams,16 augustus 2025,https://www.tikiroom.nl/,core-js-bundle@3.2.1,,,
Bachata Dreams,16 augustus 2025,https://www.tikiroom.nl/,8c4075d5481d476e945486754f783364@sentry.io,,,
Bachata Dreams,16 augustus 2025,https://www.tikiroom.nl/,2062d0a4929b45348643784b5cb39c36@sentry.wixpress.com,,,
Bachata Dreams,16 augustus 2025,https://www.tikiroom.nl/,79baaa8e09c746d2b7401643b99792e0@sentry.wixpress.com,,,
Bachata Dreams,16 augustus 2025,https://www.tikiroom.nl/,e0b4d631da7b4200828051f7f9c783e3@sentry-next.wixpress.com,,,
Bachata Dreams,16 augustus 2025,https://www.tikiroom.nl/,88170cb0c9d64f94b5821ca7fd2d55a4@sentry-next.wixpress.com,,,
Bachata Dreams,16 augustus 2025,https://www.tikiroom.nl/,271e9fa3230b4eec94b02bf95780f5f2@sentry.wixpress.com,,,
Bachata Dreams,16 augustus 2025,https://www.tikiroom.nl/,focus-within-polyfill@5.0.9,,,
Bachata Dreams,16 augustus 2025,https://www.tikiroom.nl/,dd0a55ccb8124b9c9d938e3acf41f8aa@sentry.wixpress.com,,,
Bachata Dreams,16 augustus 2025,https://www.tikiroom.nl/,react@18.3.1,,,
Bachata Dreams,16 augustus 2025,https://www.tikiroom.nl/,c183baa23371454f99f417f6616b724d@sentry.wixpress.com,,,
Bachata Dreams,16 augustus 2025,https://www.tikiroom.nl/,460ff4620fa44cba8df530afde949785@sentry.wixpress.com,,,
Bachata Dreams,16 augustus 2025,https://www.tikiroom.nl/,0e6a29e4756740a8a63493e912ba2174@sentry.wixpress.com,,,
Bachata Dreams,16 augustus 2025,https://www.tikiroom.nl/,lodash@4.17.21,,,
Bachata Dreams,16 augustus 2025,https://www.tikiroom.nl/,f36cc48fb72b4d298c835f2793cf3b84@sentry-next.wixpress.com,,,
Bachata Dreams,16 augustus 2025,https://www.tikiroom.nl/,ed436f5053144538958ad06a5005e99a@sentry.wixpress.com,,,
Bachata Dreams,16 augustus 2025,https://www.tikiroom.nl/,react-dom@18.3.1,,,
Bachata Dreams,16 augustus 2025,https://www.tikiroom.nl/,8eb368c655b84e029ed79ad7a5c1718e@sentry.wixpress.com,,,
Bachata Dreams,16 augustus 2025,https://www.tikiroom.nl/,605a7baede844d278b89dc95ae0a9123@sentry-next.wixpress.com,,,
Bachata Dreams,16 augustus 2025,https://www.tikiroom.nl/,9a65e97ebe8141fca0c4fd686f70996b@sentry.wixpress.com,,,
Bachata Dreams,16 augustus 2025,https://www.tikiroom.nl/,baf30a2b91654c5a840931f0137bed30@sentry.wixpress.com,,,
Bachata Dreams,16 augustus 2025,https://www.tikiroom.nl/,hurricane@tikiroom.nl,,,
Chakra Party 20 Jaar,16 augustus 2025,http://bosvreugd.nl/,info@qbiek.nl,,,
Chakra Party 20 Jaar,16 augustus 2025,http://bosvreugd.nl/,info@bosvreugd.nl,,,
Chakra Party 20 Jaar,16 augustus 2025,https://www.dolleboel-events.be/chakra-party,support@jouwweb.nl,,,
